name,scenario,S,J,T,R,dr,n_episodes,n_repeats,completion_mean,completion_std,targets_mean,targets_std,survival_mean,survival_std,duration_mean,duration_std,reward_mean,reward_std
Trainig 1sx2j,S2,1,2,3,6,False,100,5,0.708,0.027748873851023193,0.8560000044107436,0.011155466800794047,0.6646666684746743,0.03460892581767808,66.14000000000001,0.9651683790924781,1.066723680496216,0.42949633638354046
Pop-Up 1sx2j,S2,1,2,3,6,False,100,5,0.5439999999999999,0.03507135583350035,0.7766666736006738,0.026977356616170917,0.5153333349823952,0.04193910889785375,71.12,1.3402611685787198,-2.4897939438819883,0.6874139899697687
2sx2j,S2,2,2,3,6,False,100,5,0.8160000000000001,0.0770064932327138,0.9160000029802322,0.034431896199848315,0.7015,0.04738802591372633,63.98,2.189486241107716,0.04246814393997198,1.2856380518108455
2sx4j,S2,2,4,3,6,False,100,5,0.8380000000000001,0.028635642126552698,0.9220000025033951,0.01980460087951402,0.7079999980628491,0.02459110022719762,66.232,0.8116464747659541,-3.589373269081116,0.860702573016493
