name,policy,producer,scenario,S,J,T,R,comm,dr,n_episodes,n_repeats,completion_mean,completion_std,targets_mean,targets_std,survival_mean,survival_std,fragmentation_mean,fragmentation_std,duration_mean,duration_std,reward_mean,reward_std
Baseline S1,BaselineV2.pt,run_curriculum.py,S2,1,2,2,6,False,False,300,10,0.7739999999999999,0.027746649224904198,0.8625,0.02056681373379197,0.7613333338002365,0.028673460733914347,0.0,0.0,50.78766666666667,0.49997543149515505,1.2211129352947077,0.42314609573569223
Baseline S2,BaselineV2.pt,run_curriculum.py,S2,1,2,3,6,False,False,300,10,0.158,0.025298221281347035,0.4853333430886268,0.021454644977425667,0.15855555583039918,0.025098161223098176,0.0009421233663645882,0.0005165370630539601,58.277,1.239927765717637,-7.303067122419675,0.37308630903547974
FOFE-MAPPO S1,FOFE-MAPPO-BaselineV2.pt,run_curriculum.py,S2,1,2,2,6,True,False,300,10,0.9456666666666667,0.0135218159347345,0.966,0.01094881469428891,0.9402222224573296,0.01314475701507845,0.0,0.0,50.61066666666667,0.45996457190462836,3.8256325212319693,0.21653122993229473
FOFE-MAPPO S2,FOFE-MAPPO-BaselineV2.pt,run_curriculum.py,S2,1,2,3,6,True,False,300,10,0.35033333333333333,0.023750243663467424,0.6768888986210028,0.014294568906134612,0.37411111182967816,0.019465068531944293,0.006308356794063001,0.0018484831093502094,67.64866666666666,1.066794205338223,-5.192201183850567,0.4345760878972563
