name,scenario,S,J,T,R,comm,dr,n_episodes,n_repeats,completion_mean,completion_std,targets_mean,targets_std,survival_mean,survival_std,duration_mean,duration_std,reward_mean,reward_std
S2 - Pop-UP,S2,2,4,3,6,True,True,200,10,0.7745,0.026817282984423815,0.9130000041276215,0.012064640360295078,0.7361000007763505,0.023534968722350884,74.1415,1.9854597144686115,-4.883122968554497,1.1806191665314514
S2 - Pop-UP,S2,2,4,3,6,False,True,200,10,0.7465,0.03180234093410246,0.9010000046044588,0.013174985168095139,0.7179416676834226,0.028991112828135865,74.36949999999999,3.03211738449113,-5.507332242369651,1.3879340205960955
