name,scenario,S,J,T,R,comm,dr,n_episodes,n_repeats,completion_mean,completion_std,targets_mean,targets_std,survival_mean,survival_std,fragmentation_mean,fragmentation_std,duration_mean,duration_std,reward_mean,reward_std
Baseline S1,S2,1,2,2,6,True,False,300,10,0.379,0.030794018979962198,0.5349999999999999,0.026152449546532945,0.3662222227255504,0.029644440787796617,4.19529207671682e-05,9.608645287662909e-05,45.03266666666667,0.6824371720731225,-4.617994526346524,0.49148398755497585
Baseline S2,S2,1,2,3,6,True,False,300,10,0.11466666666666665,0.017582258173202206,0.3697777853806814,0.015268964987378685,0.11966666720310848,0.01398657005303529,0.004883376966851453,0.001793977896397194,50.43166666666666,1.5344498752820455,-8.265930828332902,0.5039221644095557
