name,scenario,S,J,T,R,comm,dr,n_episodes,n_repeats,completion_mean,completion_std,targets_mean,targets_std,survival_mean,survival_std,duration_mean,duration_std,reward_mean,reward_std
S2 - Pop-UP,S2,2,4,3,6,True,True,100,5,0.772,0.050695167422546296,0.91266667085886,0.018469192732302186,0.74196666765213,0.05095073876509059,73.56199999999998,2.1299694833494653,-4.4963353080749515,1.709614596090544
S2 - Pop-UP,S2,2,4,3,6,False,True,100,5,0.752,0.06418722614352484,0.9020000044703483,0.024449493324043794,0.7341000010073184,0.04061755868046479,74.082,3.8180845983293783,-5.405085716247559,2.37176158797799
