name,scenario,S,J,T,R,comm,dr,n_episodes,n_repeats,completion_mean,completion_std,targets_mean,targets_std,survival_mean,survival_std,duration_mean,duration_std,reward_mean,reward_std
S1 - Known - Comm,S2,2,4,3,6,True,True,300,10,0.9293333333333335,0.016762686369463226,0.9671111122369765,0.010425777734590158,0.8574111114094654,0.019520770665060173,59.99233333333333,0.46523603461171653,3.583838407198588,0.5242055594690815
S1 - Known,S2,2,4,3,6,False,True,300,10,0.9326666666666666,0.009787873575797867,0.9682222232818603,0.005523363417062815,0.8610888890425364,0.012670624269914514,60.47800000000001,0.4370642803812554,3.6036858036120734,0.3408504977362035
S2 - Pop-UP - Comm,S2,2,4,3,6,True,True,300,10,0.7763333333333334,0.022080101091198182,0.9134444485306741,0.009288102869691768,0.7433055561085542,0.019485745558100766,73.20266666666667,1.5375568242033604,-4.341105544726053,0.9466925064795015
S2 - Pop-UP,S2,2,4,3,6,False,True,300,10,0.7619999999999999,0.026443510721144023,0.9070000043213368,0.010798693779642638,0.7321333339860042,0.027059924384463918,73.90766666666666,1.82085114407765,-4.986466630538305,1.0678186844561248
S2 - Unknown - Comm,S2,2,4,3,6,True,True,300,10,0.7746666666666666,0.03432596109271045,0.9088888928890227,0.013808408247781814,0.7346222228755552,0.02598898163282168,73.27866666666668,2.356736182116865,-4.613570745150248,1.4432289852474363
S2 - Unknown Large,S2,2,4,3,6,False,True,300,10,0.5670000000000001,0.013466923356556165,0.8204444519976775,0.007466431413325861,0.5872555572489897,0.014911218992837904,89.81566666666666,1.672286119118834,-15.052844501495361,1.087181683479059
