name,scenario,S,J,T,R,comm,dr,n_episodes,n_repeats,completion_mean,completion_std,targets_mean,targets_std,survival_mean,survival_std,fragmentation_mean,fragmentation_std,duration_mean,duration_std,reward_mean,reward_std
Baseline S1,S2,1,2,2,6,False,False,300,10,0.379,0.030794018979962198,0.5349999999999999,0.026152449546532945,0.3662222227255504,0.029644440787796617,4.19529207671682e-05,9.608645287662909e-05,45.03266666666667,0.6824371720731225,-4.617994526346524,0.49148398755497585
Baseline S2,S2,1,2,3,6,False,False,300,10,0.101,0.014319976550087704,0.36233334112167354,0.019955025128103314,0.11011111178000768,0.014367792812735019,0.006145282545437416,0.003028078466624652,51.19033333333333,1.6393415194168508,-8.62384644174079,0.4896431094724256
