name,scenario,S,J,T,R,dr,n_episodes,n_repeats,completion_mean,completion_std,targets_mean,targets_std,survival_mean,survival_std,duration_mean,duration_std,reward_mean,reward_std
Trainig 1sx2j,S2,1,2,3,6,False,100,5,0.6980000000000001,0.04438468204234428,0.8446666710376739,0.02714160347783214,0.6566666683554649,0.06023103605642985,66.078,1.1631938789385008,0.9108041216731071,0.9784117523860352
Unknown 1sx2j,S2,1,2,4,6,False,100,5,0.332,0.03701351104664348,0.6885,0.007416198487095669,0.29200000190734865,0.037756530014920395,79.98799999999999,2.630735638561958,-4.407697580814362,0.44668392225030773
2sx2j,S2,2,2,3,6,False,100,5,0.8140000000000001,0.04774934554525328,0.9140000029802323,0.024877476890502206,0.6965,0.03706413360649348,63.99400000000001,1.4285762142777003,-0.1330999174118042,0.9773514806501292
2sx4j,S2,2,4,3,6,False,100,5,0.8019999999999999,0.04266145801540307,0.8980000028610229,0.029306805809725205,0.6929999979734421,0.050790964973009015,67.73400000000001,2.4537685302407777,-4.858849812507629,1.8768494115742782
