name,scenario,S,J,T,R,comm,dr,n_episodes,n_repeats,completion_mean,completion_std,targets_mean,targets_std,survival_mean,survival_std,duration_mean,duration_std,reward_mean,reward_std
S1 - Known - Comm,S2,2,4,3,6,True,True,300,10,0.9329999999999998,0.014944341180973226,0.9698888899882634,0.007341372105256084,0.8598722221602996,0.014855362411155171,60.288333333333334,0.6183116198643366,3.659950099388758,0.41921590234971645
S1 - Known,S2,2,4,3,6,False,True,300,10,0.9323333333333332,0.014576321065428985,0.9686666677494843,0.007042882391950167,0.8584444446961086,0.015023529677359381,60.10699999999999,0.8330939656218606,3.6363609633843104,0.39919730646527635
S2 - Pop-UP - Comm,S2,2,4,3,6,True,True,300,10,0.77,0.014572085609560005,0.9082222263415654,0.007128066099055623,0.7305611116836468,0.012584949903506138,73.41033333333334,1.5351779966770893,-4.7188821792602536,0.8203498993439573
S2 - Pop-UP,S2,2,4,3,6,False,True,300,10,0.7573333333333333,0.01712697677155351,0.9054444488584995,0.008122011773465634,0.7260722228040299,0.018562430424128588,74.12833333333332,1.6766620646428265,-5.385596177617709,0.9140749804915501
